{"cameraMode":{"drawMode":0,"name":"Shaded","section":"Shading Mode"},"sceneLighting":true,"audioPlay":false,"sceneViewState":{"showFog":false,"showMaterialUpdate":true,"showSkybox":true,"showFlares":true,"showImageEffects":true,"showParticleSystems":true,"showVisualEffectGraphs":true,"m_FxEnabled":false},"in2DMode":false,"pivot":{"x":0.2726705074310303,"y":0.21887576580047608,"z":-0.46108245849609377},"rotation":{"x":0.048504069447517398,"y":0.2254382222890854,"z":-0.011238380335271359,"w":0.9729853868484497},"size":7.07106876373291,"orthographic":false}